czas [s],X,Y,Z
0.0,51,43,-239
0.009999999999999787,50,41,-243
0.02000000000000135,50,43,-244
0.030000000000001137,49,41,-241
0.040000000000000924,51,42,-244
0.05000000000000071,48,44,-244
0.0600000000000005,50,41,-244
0.07000000000000028,50,44,-241
0.08000000000000007,50,41,-242
0.08999999999999986,50,41,-239
0.09999999999999964,51,41,-243
0.11000000000000121,50,43,-242
0.120000000000001,50,41,-241
0.13000000000000078,50,41,-244
0.14000000000000057,49,44,-242
0.15000000000000036,50,43,-242
0.16000000000000014,51,42,-241
0.16999999999999993,53,42,-242
0.17999999999999972,51,43,-240
0.19000000000000128,52,41,-243
0.20000000000000107,51,42,-242
0.21000000000000085,53,42,-242
0.22000000000000064,49,42,-240
0.23000000000000043,50,43,-240
0.2400000000000002,51,41,-242
0.25,50,44,-241
0.2599999999999998,50,41,-239
0.27000000000000135,52,41,-244
0.28000000000000114,48,42,-242
0.2900000000000009,52,42,-243
0.3000000000000007,52,42,-243
0.3100000000000005,51,42,-243
0.32000000000000206,48,43,-244
0.33000000000000007,51,43,-241
0.34000000000000163,49,44,-240
0.34999999999999964,51,43,-242
0.3600000000000012,50,43,-243
0.3699999999999992,53,40,-243
0.3800000000000008,52,42,-243
0.3899999999999988,51,40,-244
0.40000000000000036,50,43,-240
0.4100000000000019,52,41,-243
0.41999999999999993,51,43,-242
0.4300000000000015,52,42,-242
0.4399999999999995,51,43,-243
0.45000000000000107,49,42,-240
0.4599999999999991,49,42,-242
0.47000000000000064,52,42,-241
0.4800000000000022,50,42,-240
0.4900000000000002,48,43,-244
0.5000000000000018,51,41,-244
0.5099999999999998,49,42,-241
0.5200000000000014,49,41,-241
0.5299999999999994,51,41,-241
0.5400000000000009,51,41,-243
0.5499999999999989,51,42,-243
0.5600000000000005,52,42,-243
0.5700000000000021,48,42,-243
0.5800000000000001,51,39,-244
0.5900000000000016,50,43,-242
0.5999999999999996,51,44,-240
0.6100000000000012,51,42,-242
0.6199999999999992,51,43,-242
0.6300000000000008,48,43,-243
0.6399999999999988,51,42,-244
0.6500000000000004,51,42,-245
0.6600000000000019,51,42,-241
0.6699999999999999,50,43,-244
0.6800000000000015,50,42,-243
0.6899999999999995,49,40,-243
0.7000000000000011,53,41,-242
0.7099999999999991,51,42,-241
0.7200000000000006,49,43,-242
0.7300000000000022,50,42,-242
0.7400000000000002,50,43,-244
0.7500000000000018,50,42,-242
0.7599999999999998,51,42,-244
0.7700000000000014,53,41,-244
0.7799999999999994,52,41,-242
0.7900000000000009,50,42,-245
0.7999999999999989,53,41,-243
0.8100000000000005,49,41,-244
0.8200000000000021,49,43,-242
0.8300000000000001,51,45,-242
0.8400000000000016,49,42,-242
0.8499999999999996,51,40,-243
0.8600000000000012,51,39,-245
0.8699999999999992,49,43,-241
0.8800000000000008,50,43,-242
0.8899999999999988,49,46,-241
0.9000000000000004,53,40,-243
0.9100000000000019,49,43,-242
0.9199999999999999,52,40,-242
0.9300000000000015,50,41,-242
0.9399999999999995,49,43,-241
0.9500000000000011,48,42,-243
0.9599999999999991,51,41,-243
0.9700000000000006,50,42,-243
0.9800000000000022,51,41,-244
0.9900000000000002,50,43,-242
1.0000000000000018,51,42,-244
1.0099999999999998,52,42,-242
1.0200000000000014,51,43,-242
1.0299999999999994,49,42,-244
1.040000000000001,51,44,-243
1.049999999999999,49,42,-241
1.0600000000000005,50,42,-245
1.070000000000002,48,43,-242
1.08,50,42,-242
1.0900000000000016,50,40,-242
1.0999999999999996,49,42,-245
1.1100000000000012,50,41,-243
1.1199999999999992,49,41,-244
1.1300000000000008,52,42,-241
1.1399999999999988,51,43,-242
1.1500000000000004,50,43,-240
1.160000000000002,49,43,-244
1.17,53,41,-240
1.1800000000000015,51,42,-245
1.1899999999999995,51,43,-243
1.200000000000001,52,42,-244
1.209999999999999,50,41,-244
1.2200000000000006,52,42,-244
1.2300000000000022,50,43,-243
1.2400000000000002,49,42,-240
1.2500000000000018,51,42,-242
1.2599999999999998,51,40,-243
1.2700000000000014,50,44,-240
1.2799999999999994,49,41,-243
1.290000000000001,50,43,-243
1.299999999999999,48,43,-241
1.3100000000000005,50,40,-243
1.320000000000002,52,43,-242
1.33,52,41,-244
1.3400000000000016,51,41,-242
1.3499999999999996,51,43,-242
1.3600000000000012,49,41,-242
1.3699999999999992,51,40,-245
1.3800000000000008,51,43,-241
1.3899999999999988,52,41,-242
1.4000000000000004,49,42,-243
1.410000000000002,48,42,-245
1.42,49,42,-244
1.4300000000000015,50,45,-241
1.4399999999999995,53,42,-241
1.450000000000001,52,40,-243
1.459999999999999,51,41,-241
1.4700000000000006,52,42,-241
1.4800000000000022,52,41,-241
1.4900000000000002,51,43,-244
1.5000000000000018,50,42,-242
1.5099999999999998,47,43,-244
1.5200000000000014,49,43,-246
1.5299999999999994,51,40,-243
1.540000000000001,49,41,-244
1.549999999999999,51,44,-241
1.5600000000000005,49,43,-240
1.570000000000002,49,43,-245
1.58,49,42,-245
1.5900000000000016,51,41,-244
1.5999999999999996,49,42,-243
1.6100000000000012,50,41,-242
1.6199999999999992,51,42,-242
1.6300000000000008,52,42,-244
1.6399999999999988,50,40,-244
1.6500000000000004,50,42,-242
1.660000000000002,52,42,-243
1.67,49,42,-243
1.6800000000000015,50,43,-241
1.6899999999999995,51,43,-243
1.700000000000001,49,43,-240
1.709999999999999,50,41,-243
1.7200000000000006,52,40,-244
1.7300000000000022,51,40,-242
1.7400000000000002,48,44,-243
1.7500000000000018,51,42,-243
1.7599999999999998,49,42,-241
1.7700000000000014,50,42,-244
1.7799999999999994,49,43,-242
1.790000000000001,52,40,-243
1.799999999999999,50,42,-244
1.8100000000000005,50,42,-242
1.820000000000002,50,43,-242
1.83,51,42,-243
1.8400000000000016,51,43,-243
1.8499999999999996,51,42,-243
1.8600000000000012,51,40,-245
1.8699999999999992,52,41,-241
1.8800000000000008,49,42,-241
1.8899999999999988,50,43,-239
1.9000000000000004,51,42,-244
1.910000000000002,49,43,-244
1.92,50,44,-241
1.9300000000000015,49,41,-243
1.9399999999999995,50,40,-244
1.950000000000001,49,44,-241
1.959999999999999,49,44,-241
1.9700000000000006,53,40,-242
1.9800000000000022,49,43,-243
1.9900000000000002,52,42,-241
2.0000000000000018,49,42,-243
2.01,49,44,-243
2.0200000000000014,50,42,-243
2.0299999999999994,49,44,-242
2.040000000000001,50,42,-241
2.049999999999999,51,43,-243
2.0600000000000005,50,41,-244
2.070000000000002,52,40,-243
2.08,49,42,-245
2.0900000000000016,49,43,-241
2.0999999999999996,48,44,-241
2.110000000000001,51,44,-241
2.119999999999999,50,43,-241
2.130000000000001,51,41,-243
2.139999999999999,50,43,-240
2.1500000000000004,52,42,-242
2.160000000000002,50,43,-240
2.17,50,42,-244
2.1800000000000015,52,43,-244
2.1899999999999995,52,42,-244
2.200000000000001,52,41,-245
2.209999999999999,50,43,-241
2.2200000000000006,50,42,-243
2.230000000000002,50,42,-242
2.24,49,42,-242
2.2500000000000018,50,44,-242
2.26,49,43,-242
2.2700000000000014,50,42,-243
2.2799999999999994,49,44,-244
2.290000000000001,52,45,-242
2.299999999999999,51,43,-242
2.3100000000000005,51,42,-243
2.320000000000002,51,42,-244
2.33,52,41,-240
2.3400000000000016,50,43,-240
2.3499999999999996,52,43,-242
2.360000000000001,50,42,-241
2.369999999999999,52,42,-241
2.380000000000001,51,42,-241
2.389999999999999,49,45,-241
2.4000000000000004,49,44,-240
2.410000000000002,51,43,-244
2.42,51,39,-245
2.4300000000000015,51,41,-244
2.4399999999999995,49,43,-241
2.450000000000001,50,43,-240
2.459999999999999,48,45,-238
2.4700000000000006,50,44,-242
2.480000000000002,50,44,-242
2.49,51,42,-243
2.5000000000000018,49,44,-238
2.51,48,44,-245
2.5200000000000014,49,45,-242
2.5299999999999994,51,43,-244
2.540000000000001,51,40,-242
2.549999999999999,50,43,-242
2.5600000000000005,52,41,-244
2.570000000000002,50,41,-244
2.58,51,40,-242
2.5900000000000016,51,41,-240
2.5999999999999996,48,45,-240
2.610000000000001,52,42,-242
2.619999999999999,48,47,-243
2.630000000000001,51,43,-247
2.639999999999999,51,42,-244
2.6500000000000004,50,43,-243
2.660000000000002,49,41,-241
2.67,51,43,-242
2.6800000000000015,50,43,-243
2.6899999999999995,49,43,-243
2.700000000000001,51,42,-240
2.709999999999999,50,44,-243
2.7200000000000006,50,42,-246
2.730000000000002,51,43,-245
2.74,50,44,-241
2.7500000000000018,49,41,-242
2.76,49,43,-244
2.7700000000000014,50,44,-241
2.7799999999999994,50,41,-243
2.790000000000001,52,43,-244
2.799999999999999,53,40,-244
2.8100000000000005,49,41,-245
2.820000000000002,53,41,-243
2.83,51,43,-241
2.8400000000000016,49,42,-244
2.8499999999999996,50,43,-246
2.860000000000001,51,42,-242
2.869999999999999,50,43,-242
2.880000000000001,51,43,-243
2.889999999999999,50,42,-243
2.9000000000000004,50,42,-244
2.910000000000002,50,42,-244
2.92,50,42,-245
2.9300000000000015,51,43,-240
2.9399999999999995,51,42,-242
2.950000000000001,51,44,-243
2.959999999999999,49,42,-241
2.9700000000000006,50,43,-245
2.980000000000002,52,42,-245
2.99,51,43,-243
3.0000000000000018,50,44,-240
3.01,50,41,-243
3.0200000000000014,50,41,-242
3.0299999999999994,50,42,-242
3.040000000000001,50,40,-244
3.049999999999999,49,42,-242
3.0600000000000005,51,42,-242
3.070000000000002,49,43,-242
3.08,51,42,-240
3.0900000000000016,49,42,-242
3.0999999999999996,50,42,-244
3.110000000000001,51,41,-243
3.119999999999999,51,44,-241
3.130000000000001,51,43,-242
3.139999999999999,49,42,-244
3.1500000000000004,49,41,-242
3.160000000000002,49,43,-243
3.17,52,42,-243
3.1800000000000015,50,43,-243
3.1899999999999995,49,42,-242
3.200000000000001,51,41,-243
3.209999999999999,50,44,-243
3.2200000000000006,50,42,-242
3.230000000000002,51,42,-246
3.24,49,42,-243
3.2500000000000018,51,42,-244
3.26,49,41,-242
3.2700000000000014,50,42,-240
3.2799999999999994,51,41,-244
3.290000000000001,52,42,-241
3.299999999999999,50,43,-245
3.3100000000000005,52,42,-244
3.320000000000002,51,41,-243
3.33,50,43,-243
3.3400000000000016,49,43,-243
3.3499999999999996,52,40,-243
3.360000000000001,50,42,-246
3.369999999999999,50,43,-241
3.380000000000001,51,41,-242
3.389999999999999,49,44,-239
3.4000000000000004,49,42,-244
3.410000000000002,51,42,-243
3.42,48,43,-241
3.4300000000000015,50,41,-242
3.4399999999999995,51,42,-242
3.450000000000001,50,41,-240
3.459999999999999,50,42,-242
3.4700000000000006,48,44,-239
3.480000000000002,49,41,-241
3.49,52,41,-244
3.5000000000000018,48,43,-242
3.51,50,42,-244
3.5200000000000014,51,41,-242
3.5299999999999994,48,41,-244
3.540000000000001,51,43,-243
3.549999999999999,51,43,-241
3.5600000000000005,53,42,-243
3.570000000000002,51,41,-243
3.58,50,42,-241
3.5900000000000016,49,43,-242
3.5999999999999996,48,44,-242
3.610000000000001,49,42,-243
3.619999999999999,50,42,-243
3.630000000000001,49,42,-244
3.639999999999999,51,44,-240
3.6500000000000004,50,43,-240
3.660000000000002,50,42,-245
3.67,49,42,-242
3.6800000000000015,51,41,-244
3.6899999999999995,48,42,-240
3.700000000000001,50,44,-246
3.709999999999999,49,43,-240
3.7200000000000006,51,43,-242
3.730000000000002,50,42,-245
3.74,50,42,-244
3.7500000000000018,49,41,-244
3.76,51,42,-243
3.7700000000000014,52,42,-241
3.7799999999999994,51,42,-246
3.790000000000001,49,41,-244
3.799999999999999,51,44,-241
3.8100000000000005,52,43,-242
3.820000000000002,49,41,-243
3.83,50,41,-243
3.8400000000000016,51,44,-244
3.8499999999999996,49,43,-241
3.860000000000001,49,43,-243
3.869999999999999,49,42,-240
3.880000000000001,48,42,-243
3.889999999999999,51,41,-242
3.9000000000000004,50,43,-240
3.910000000000002,49,45,-243
3.92,49,41,-241
3.9300000000000015,49,43,-242
3.9399999999999995,51,42,-244
3.950000000000001,50,44,-242
3.959999999999999,50,42,-242
3.9700000000000006,51,41,-244
3.980000000000002,50,42,-240
3.99,51,41,-242
4.000000000000002,49,43,-241
4.01,50,41,-242
4.020000000000001,50,42,-243
4.029999999999999,49,40,-245
4.040000000000001,50,43,-242
4.049999999999999,51,42,-244
4.0600000000000005,51,42,-245
4.070000000000002,50,42,-243
4.08,50,42,-243
4.090000000000002,51,42,-241
4.1,51,42,-244
4.110000000000001,50,44,-240
4.119999999999999,49,43,-242
4.130000000000001,50,42,-245
4.139999999999999,51,43,-243
4.15,50,44,-242
4.160000000000002,50,43,-240
4.17,50,41,-243
4.1800000000000015,52,41,-246
4.1899999999999995,50,41,-246
4.200000000000001,49,44,-243
4.209999999999999,51,42,-243
4.220000000000001,50,42,-242
4.230000000000002,50,42,-242
4.24,50,44,-244
4.250000000000002,49,42,-242
4.26,52,40,-244
4.270000000000001,52,41,-241
4.279999999999999,50,40,-243
4.290000000000001,49,42,-243
4.299999999999999,51,43,-244
4.3100000000000005,48,42,-243
4.320000000000002,49,43,-243
4.33,50,38,-241
4.340000000000002,51,42,-241
4.35,50,44,-241
4.360000000000001,49,43,-244
4.369999999999999,51,41,-245
4.380000000000001,49,44,-241
4.389999999999999,51,41,-243
4.4,49,40,-244
4.410000000000002,51,43,-242
4.42,50,43,-246
4.4300000000000015,49,43,-242
4.4399999999999995,50,43,-244
4.450000000000001,51,44,-243
4.459999999999999,48,43,-243
4.470000000000001,50,44,-241
4.480000000000002,52,41,-242
4.49,50,43,-242
4.500000000000002,50,43,-241
4.51,51,43,-242
4.520000000000001,50,44,-243
4.529999999999999,53,41,-245
4.540000000000001,49,43,-244
4.549999999999999,50,40,-242
4.5600000000000005,49,43,-245
4.570000000000002,51,43,-245
4.58,51,44,-242
4.590000000000002,50,42,-241
4.6,48,42,-242
4.610000000000001,50,44,-246
4.619999999999999,51,43,-242
4.630000000000001,50,43,-243
4.639999999999999,52,41,-243
4.65,52,41,-246
4.660000000000002,52,40,-240
4.67,51,41,-243
4.6800000000000015,48,42,-243
4.6899999999999995,49,42,-243
4.700000000000001,50,41,-243
4.709999999999999,52,42,-241
4.720000000000001,48,45,-242
4.730000000000002,49,43,-242
4.74,53,42,-245
4.750000000000002,52,41,-242
4.76,49,42,-241
4.770000000000001,52,42,-246
4.779999999999999,49,42,-244
4.790000000000001,51,44,-244
4.799999999999999,50,41,-245
4.8100000000000005,48,40,-243
4.820000000000002,52,41,-243
4.83,49,42,-244
4.840000000000002,48,44,-245
4.85,51,42,-242
4.860000000000001,52,42,-243
4.869999999999999,51,42,-245
4.880000000000001,50,41,-243
4.889999999999999,51,40,-242
4.9,51,44,-241
4.910000000000002,50,42,-240
4.92,50,42,-242
4.9300000000000015,52,42,-241
4.9399999999999995,50,42,-241
4.950000000000001,50,44,-245
4.959999999999999,49,43,-241
4.970000000000001,51,40,-243
4.980000000000002,51,43,-242
4.99,52,43,-244
5.000000000000002,49,42,-242
5.01,50,42,-241
5.020000000000001,52,40,-245
5.029999999999999,51,41,-242
5.040000000000001,50,41,-243
5.049999999999999,49,42,-245
5.0600000000000005,51,42,-243
5.070000000000002,49,42,-240
5.08,52,42,-245
5.090000000000002,55,40,-241
5.1,50,44,-242
5.110000000000001,50,44,-242
5.119999999999999,51,41,-242
5.130000000000001,49,43,-243
5.139999999999999,50,44,-244
5.15,51,43,-242
5.160000000000002,49,42,-242
5.17,51,42,-242
5.1800000000000015,51,44,-241
5.1899999999999995,53,41,-242
5.200000000000001,49,43,-243
5.209999999999999,50,41,-242
5.220000000000001,51,40,-243
5.230000000000002,52,43,-244
5.24,51,42,-244
5.250000000000002,49,41,-242
5.26,51,42,-241
5.270000000000001,50,42,-244
5.279999999999999,50,42,-243
5.290000000000001,49,42,-243
5.299999999999999,49,41,-244
5.3100000000000005,50,42,-240
5.320000000000002,52,41,-240
5.33,53,40,-243
5.340000000000002,49,43,-243
5.35,49,45,-240
5.360000000000001,52,42,-242
5.369999999999999,53,41,-245
5.380000000000001,52,42,-242
5.389999999999999,50,41,-241
5.4,50,44,-241
5.410000000000002,49,41,-243
5.42,50,44,-242
5.4300000000000015,51,44,-245
5.4399999999999995,48,43,-242
5.450000000000001,49,43,-242
5.459999999999999,51,41,-243
5.470000000000001,51,40,-243
5.480000000000002,52,42,-243
5.49,49,45,-242
5.500000000000002,51,40,-241
5.51,51,43,-242
5.520000000000001,50,43,-240
5.529999999999999,50,42,-240
5.540000000000001,50,41,-243
5.549999999999999,51,41,-244
5.5600000000000005,51,41,-243
5.570000000000002,50,42,-245
5.58,51,41,-240
5.590000000000002,52,41,-241
5.6,50,40,-243
5.610000000000001,50,43,-243
5.619999999999999,49,42,-245
5.630000000000001,51,41,-245
5.639999999999999,50,42,-241
5.65,51,43,-245
5.660000000000002,49,43,-241
5.67,50,42,-241
5.6800000000000015,49,44,-243
5.6899999999999995,51,43,-242
5.700000000000001,51,41,-243
5.709999999999999,50,41,-244
5.720000000000001,50,41,-244
5.730000000000002,48,42,-243
5.74,50,42,-241
5.750000000000002,48,43,-245
5.76,53,41,-244
5.770000000000001,51,42,-241
5.779999999999999,51,43,-243
5.790000000000001,50,43,-241
5.799999999999999,50,42,-241
5.8100000000000005,49,43,-243
5.820000000000002,50,41,-244
5.83,50,43,-243
5.840000000000002,50,43,-242
5.85,51,42,-243
5.860000000000001,51,43,-242
5.869999999999999,49,42,-244
5.880000000000001,51,43,-246
5.889999999999999,49,43,-244
5.9,51,44,-241
5.910000000000002,49,42,-243
5.92,49,44,-242
5.9300000000000015,50,40,-242
5.9399999999999995,49,43,-243
5.950000000000001,50,42,-243
5.959999999999999,50,42,-241
5.970000000000001,51,40,-244
5.980000000000002,50,41,-244
5.99,52,41,-245
6.000000000000002,51,42,-245
6.01,48,43,-241
6.020000000000001,51,44,-240
6.029999999999999,48,45,-241
6.040000000000001,50,42,-243
6.049999999999999,50,42,-242
6.0600000000000005,50,45,-241
6.070000000000002,50,41,-242
6.08,49,43,-242
6.090000000000002,50,44,-242
6.1,52,41,-244
6.110000000000001,51,40,-241
6.119999999999999,51,41,-241
6.130000000000001,50,42,-241
6.139999999999999,50,40,-244
6.15,50,42,-243
6.160000000000002,49,42,-242
6.17,49,42,-242
6.1800000000000015,51,42,-245
6.1899999999999995,49,45,-242
6.200000000000001,52,42,-243
6.209999999999999,51,42,-240
6.220000000000001,51,42,-244
6.230000000000002,51,42,-245
6.24,48,41,-242
6.250000000000002,49,44,-241
6.26,49,43,-244
6.270000000000001,49,42,-243
6.279999999999999,52,41,-244
6.290000000000001,50,41,-242
6.299999999999999,51,45,-241
6.3100000000000005,50,43,-243
6.320000000000002,50,43,-243
6.33,52,43,-243
6.340000000000002,51,43,-241
6.35,51,42,-239
6.360000000000001,49,41,-241
6.369999999999999,52,40,-243
6.380000000000001,50,41,-244
6.389999999999999,49,43,-245
6.4,51,42,-241
6.410000000000002,51,41,-242
6.42,51,44,-242
6.4300000000000015,50,42,-245
6.4399999999999995,50,41,-246
6.450000000000001,50,43,-241
6.459999999999999,49,46,-238
6.470000000000001,51,42,-240
6.480000000000002,53,41,-242
6.49,50,42,-246
6.500000000000002,53,41,-242
6.51,48,43,-243
6.520000000000001,49,42,-242
6.529999999999999,50,42,-243
6.540000000000001,50,45,-245
6.549999999999999,51,42,-247
6.5600000000000005,53,42,-242
6.570000000000002,49,43,-239
6.58,50,44,-242
6.590000000000002,50,43,-241
6.6,51,42,-243
6.610000000000001,50,43,-241
6.619999999999999,50,41,-242
6.630000000000001,49,42,-241
6.639999999999999,50,43,-241
6.65,51,42,-243
6.660000000000002,51,43,-241
6.67,49,44,-242
6.6800000000000015,51,41,-244
6.6899999999999995,51,41,-242
6.700000000000001,50,42,-241
6.709999999999999,50,40,-242
6.720000000000001,49,41,-244
6.730000000000002,50,44,-239
6.74,51,41,-243
6.750000000000002,50,44,-240
6.76,49,42,-242
6.770000000000001,50,44,-241
6.779999999999999,50,43,-242
6.790000000000001,49,42,-246
6.799999999999999,49,44,-243
6.8100000000000005,49,44,-241
6.820000000000002,50,43,-241
6.83,52,40,-245
6.840000000000002,52,41,-242
6.85,50,40,-244
6.860000000000001,51,40,-241
6.869999999999999,51,41,-244
6.880000000000001,50,43,-243
6.889999999999999,50,43,-243
6.9,51,42,-243
6.910000000000002,50,42,-246
6.92,51,40,-245
6.9300000000000015,50,41,-243
6.9399999999999995,50,42,-241
6.950000000000001,49,44,-243
6.959999999999999,51,42,-243
6.970000000000001,51,42,-245
6.980000000000002,50,41,-243
6.99,50,43,-241
7.000000000000002,52,43,-242
7.01,49,42,-242
7.020000000000001,49,44,-242
7.029999999999999,51,42,-243
7.040000000000001,50,43,-244
7.049999999999999,50,42,-242
7.0600000000000005,50,41,-241
7.070000000000002,50,42,-243
7.08,51,41,-242
7.090000000000002,51,43,-242
7.1,51,41,-241
7.110000000000001,50,43,-241
7.119999999999999,50,42,-242
7.130000000000001,48,43,-244
7.139999999999999,51,41,-244
7.15,48,42,-242
7.160000000000002,52,41,-241
7.17,52,42,-242
7.1800000000000015,50,43,-242
7.1899999999999995,51,41,-241
7.200000000000001,52,42,-244
7.209999999999999,51,40,-243
7.220000000000001,51,42,-245
7.230000000000002,51,42,-242
7.24,51,43,-242
7.250000000000002,51,43,-242
7.26,49,42,-242
7.270000000000001,50,42,-242
7.279999999999999,50,42,-244
7.290000000000001,49,42,-242
7.299999999999999,48,41,-240
7.3100000000000005,51,42,-240
7.320000000000002,52,42,-244
7.33,53,41,-243
7.340000000000002,50,45,-241
7.35,50,43,-241
7.360000000000001,50,40,-245
7.369999999999999,51,43,-244
7.380000000000001,50,42,-245
7.389999999999999,51,43,-238
7.4,51,42,-245
7.410000000000002,53,40,-244
7.42,48,42,-245
7.4300000000000015,49,44,-242
7.4399999999999995,49,44,-241
7.450000000000001,50,42,-243
7.459999999999999,49,42,-244
7.470000000000001,51,41,-243
7.480000000000002,51,43,-240
7.49,51,42,-245
7.500000000000002,49,41,-245
7.51,50,40,-241
7.520000000000001,52,41,-243
7.529999999999999,50,41,-241
7.540000000000001,51,42,-242
7.549999999999999,49,42,-244
7.5600000000000005,50,41,-241
7.570000000000002,50,43,-239
7.58,51,42,-242
7.590000000000002,50,42,-241
7.6,50,42,-243
7.610000000000001,49,42,-242
7.619999999999999,49,41,-244
7.630000000000001,51,42,-242
7.639999999999999,53,42,-244
7.65,50,42,-243
7.660000000000002,51,41,-243
7.67,50,45,-242
7.6800000000000015,52,41,-242
7.6899999999999995,49,41,-242
7.700000000000001,50,42,-242
7.709999999999999,50,39,-242
7.720000000000001,51,41,-244
7.730000000000002,48,43,-245
7.74,53,39,-246
7.750000000000002,52,40,-243
7.76,50,42,-242
7.770000000000001,51,43,-245
7.779999999999999,48,46,-239
7.790000000000001,54,41,-245
7.799999999999999,52,41,-239
7.8100000000000005,52,43,-241
7.820000000000002,53,40,-247
7.83,50,42,-243
7.840000000000002,50,43,-245
7.85,53,41,-245
7.860000000000001,50,39,-247
7.869999999999999,51,40,-242
7.880000000000001,51,41,-243
7.889999999999999,50,43,-242
7.9,50,44,-238
7.910000000000002,50,42,-245
7.92,52,41,-243
7.9300000000000015,48,43,-245
7.9399999999999995,50,40,-242
7.950000000000001,52,42,-234
7.959999999999999,53,41,-243
7.970000000000001,55,39,-242
7.980000000000002,52,40,-244
7.99,47,43,-246
8.000000000000002,47,44,-245
8.01,47,46,-242
8.020000000000001,49,39,-247
8.03,54,39,-243
8.040000000000001,51,44,-241
8.049999999999999,50,45,-243
8.06,48,44,-246
8.070000000000002,49,44,-245
8.08,51,42,-244
8.090000000000002,49,43,-241
8.1,52,41,-246
8.110000000000001,49,43,-243
8.12,49,43,-240
8.13,51,43,-245
8.139999999999999,50,42,-242
8.15,54,39,-242
8.160000000000002,49,43,-239
8.17,49,44,-241
8.180000000000001,53,41,-239
8.19,50,44,-245
8.200000000000001,50,41,-242
8.209999999999999,50,42,-243
8.22,50,44,-243
8.230000000000002,49,45,-242
8.24,52,43,-244
8.250000000000002,50,42,-243
8.26,51,42,-243
8.270000000000001,50,44,-244
8.28,49,42,-247
8.290000000000001,51,42,-242
8.299999999999999,51,41,-243
8.31,51,42,-245
8.320000000000002,51,41,-242
8.33,54,39,-244
8.340000000000002,50,42,-243
8.35,50,42,-241
8.360000000000001,51,40,-241
8.37,50,44,-243
8.38,48,44,-239
8.389999999999999,49,42,-242
8.4,48,44,-242
8.410000000000002,50,44,-241
8.42,50,43,-241
8.430000000000001,50,42,-245
8.44,52,41,-243
8.450000000000001,51,42,-246
8.459999999999999,49,42,-244
8.47,50,42,-244
8.480000000000002,50,44,-243
8.49,49,43,-240
8.500000000000002,52,43,-243
8.51,50,44,-244
8.520000000000001,52,41,-245
8.53,51,43,-245
8.540000000000001,48,43,-242
8.549999999999999,51,43,-243
8.56,49,41,-237
8.570000000000002,50,43,-242
8.58,49,42,-240
8.590000000000002,54,41,-244
8.6,52,42,-242
8.610000000000001,49,43,-241
8.62,50,42,-240
8.63,51,41,-244
8.639999999999999,49,46,-241
8.65,48,44,-243
8.660000000000002,51,40,-241
8.67,48,41,-242
8.680000000000001,49,43,-241
8.69,46,47,-243
8.700000000000001,51,41,-240
8.709999999999999,48,43,-247
8.72,50,42,-241
8.730000000000002,46,47,-241
8.74,52,42,-241
8.750000000000002,46,43,-249
8.76,55,41,-242
8.770000000000001,51,40,-244
8.78,50,41,-243
8.790000000000001,49,43,-239
8.799999999999999,51,43,-242
8.81,53,41,-242
8.820000000000002,51,43,-242
8.83,48,43,-244
8.840000000000002,49,41,-245
8.85,49,41,-241
8.860000000000001,50,42,-244
8.87,47,44,-243
8.88,51,40,-247
8.889999999999999,51,42,-245
8.9,52,42,-243
8.910000000000002,50,43,-241
8.92,51,42,-244
8.930000000000001,51,44,-243
8.94,51,42,-243
8.950000000000001,52,41,-242
8.959999999999999,51,41,-241
8.97,47,46,-241
8.980000000000002,51,41,-243
8.99,47,42,-242
9.000000000000002,51,40,-242
9.01,50,42,-241
9.020000000000001,48,44,-239
9.03,52,42,-246
9.040000000000001,51,41,-245
9.049999999999999,49,42,-242
9.06,50,42,-245
9.070000000000002,51,42,-245
9.08,49,42,-244
9.090000000000002,52,42,-241
9.1,50,43,-241
9.110000000000001,50,42,-240
9.12,52,41,-245
9.13,51,41,-244
9.139999999999999,50,43,-247
9.15,52,42,-242
9.160000000000002,49,41,-246
9.17,50,45,-245
9.180000000000001,50,41,-245
9.19,48,44,-242
9.200000000000001,49,42,-243
9.209999999999999,50,44,-240
9.22,50,41,-242
9.230000000000002,52,42,-245
9.24,48,46,-240
9.250000000000002,52,41,-246
9.26,55,38,-244
9.270000000000001,49,43,-241
9.28,51,43,-242
9.290000000000001,52,42,-241
9.299999999999999,52,39,-244
9.31,50,44,-241
9.320000000000002,49,42,-244
9.33,48,45,-242
9.340000000000002,51,43,-245
9.35,53,41,-245
9.360000000000001,51,43,-244
9.37,50,42,-243
9.38,50,43,-243
9.389999999999999,51,41,-239
9.4,50,43,-241
9.410000000000002,49,44,-241
9.42,51,43,-242
9.430000000000001,51,42,-245
9.44,49,44,-241
9.450000000000001,49,41,-244
9.459999999999999,50,44,-240
9.47,49,42,-245
9.480000000000002,51,44,-241
9.49,50,44,-242
9.500000000000002,49,43,-239
9.51,51,42,-239
9.520000000000001,50,43,-241
9.53,50,45,-244
9.540000000000001,50,41,-241
9.549999999999999,50,43,-244
9.56,51,41,-241
9.570000000000002,48,44,-243
9.58,51,42,-242
9.590000000000002,49,44,-239
9.6,53,39,-242
9.610000000000001,51,42,-240
9.62,50,42,-235
9.63,55,40,-242
9.639999999999999,50,43,-241
9.65,49,44,-241
9.660000000000002,50,42,-244
9.67,50,41,-240
9.680000000000001,52,40,-242
9.69,51,42,-244
9.700000000000001,52,39,-244
9.709999999999999,55,39,-243
9.72,53,39,-244
9.730000000000002,48,47,-237
9.74,48,43,-242
9.750000000000002,51,39,-244
9.76,52,42,-241
9.770000000000001,50,42,-238
9.78,48,45,-241
9.790000000000001,50,42,-245
9.799999999999999,50,42,-243
9.81,51,42,-239
9.820000000000002,50,41,-246
9.83,51,43,-244
9.840000000000002,51,42,-241
9.85,49,43,-243
9.860000000000001,48,47,-245
9.87,53,41,-240
9.88,48,45,-241
9.889999999999999,50,41,-243
9.9,51,43,-241
9.910000000000002,50,42,-246
9.92,51,41,-243
9.930000000000001,49,41,-246
9.94,50,41,-243
9.950000000000001,49,47,-239
9.959999999999999,52,39,-247
9.97,53,41,-241
9.980000000000002,48,41,-248
9.99,51,43,-245
10.000000000000002,52,40,-244
10.01,52,43,-241
10.020000000000001,48,44,-243
10.03,49,44,-239
10.040000000000001,50,43,-242
10.049999999999999,52,42,-242
10.06,51,40,-243
10.070000000000002,53,38,-244
10.08,50,45,-239
10.090000000000002,51,41,-246
10.1,52,42,-245
10.110000000000001,53,41,-244
10.12,51,39,-241
10.13,54,39,-241
10.139999999999999,50,38,-240
10.15,49,44,-241
10.160000000000002,49,43,-244
10.17,52,41,-242
10.180000000000001,51,42,-239
10.19,49,47,-241
10.200000000000001,50,43,-244
10.209999999999999,48,44,-245
10.22,55,40,-243
10.230000000000002,48,43,-241
10.24,48,45,-239
10.250000000000002,51,40,-243
10.26,55,40,-244
10.270000000000001,52,41,-243
10.28,49,43,-244
10.290000000000001,50,43,-243
10.299999999999999,50,41,-245
10.31,50,42,-241
10.320000000000002,52,42,-243
10.33,49,41,-245
10.340000000000002,48,43,-245
10.35,48,44,-246
10.360000000000001,50,43,-248
10.37,49,44,-244
10.38,51,42,-244
10.389999999999999,51,42,-243
10.4,49,43,-241
10.410000000000002,52,39,-245
10.42,48,45,-243
10.430000000000001,54,40,-241
10.44,47,46,-244
10.450000000000001,49,44,-238
10.459999999999999,51,41,-243
10.47,52,42,-240
10.480000000000002,53,40,-244
10.49,52,40,-243
10.500000000000002,51,40,-244
10.51,48,44,-247
10.520000000000001,52,40,-248
10.53,50,42,-237
10.540000000000001,52,42,-242
10.549999999999999,50,43,-234
10.56,46,45,-248
10.570000000000002,49,44,-236
10.58,50,38,-247
10.590000000000002,50,43,-238
10.6,49,40,-247
10.610000000000001,52,41,-247
10.62,52,39,-249
10.63,53,41,-242
10.639999999999999,55,40,-244
10.65,49,43,-245
10.660000000000002,53,39,-241
10.67,49,42,-238
10.680000000000001,49,42,-243
10.69,49,42,-243
10.700000000000001,50,44,-242
10.709999999999999,51,44,-242
10.72,52,41,-241
10.730000000000002,49,41,-243
10.74,49,41,-245
10.750000000000002,52,39,-240
10.76,47,47,-239
10.770000000000001,51,42,-244
10.78,51,42,-241
10.790000000000001,49,43,-245
10.799999999999999,51,43,-239
10.81,49,42,-240
10.820000000000002,49,43,-241
10.83,50,43,-240
10.840000000000002,48,44,-243
10.85,52,42,-242
10.860000000000001,50,44,-241
10.87,52,41,-243
10.88,49,45,-244
10.889999999999999,49,44,-244
10.9,51,41,-242
10.910000000000002,50,44,-241
10.92,52,41,-246
10.930000000000001,50,42,-243
10.94,52,42,-241
10.950000000000001,49,46,-239
10.959999999999999,49,44,-242
10.97,49,44,-237
10.980000000000002,50,41,-241
10.99,52,42,-242
11.000000000000002,54,41,-244
11.01,50,43,-238
11.020000000000001,50,39,-246
11.03,50,44,-243
11.040000000000001,51,43,-241
11.049999999999999,50,44,-241
11.06,52,41,-246
11.070000000000002,50,40,-242
11.08,50,42,-244
11.090000000000002,50,41,-244
11.1,52,41,-242
11.110000000000001,50,40,-242
11.12,50,41,-242
11.13,51,44,-240
11.139999999999999,49,40,-245
11.15,50,42,-242
11.160000000000002,50,43,-240
11.17,48,44,-245
11.180000000000001,49,40,-243
11.19,51,38,-244
11.200000000000001,50,43,-240
11.209999999999999,51,43,-241
11.22,48,44,-240
11.230000000000002,49,43,-246
11.24,50,42,-238
11.250000000000002,50,45,-242
11.26,49,41,-240
11.270000000000001,50,40,-243
11.28,48,44,-245
11.290000000000001,50,41,-244
11.299999999999999,52,41,-242
11.31,48,44,-244
11.320000000000002,47,45,-242
11.33,53,42,-241
11.340000000000002,50,45,-241
11.35,48,43,-245
11.360000000000001,50,43,-241
11.37,48,45,-242
11.38,50,41,-243
11.389999999999999,48,45,-239
11.4,49,42,-242
11.410000000000002,48,42,-247
11.42,50,44,-244
11.430000000000001,48,42,-246
11.44,50,42,-237
11.450000000000001,51,39,-247
11.459999999999999,52,40,-245
11.47,51,40,-242
11.480000000000002,47,45,-240
11.49,49,49,-238
11.500000000000002,49,44,-244
11.51,48,42,-243
11.520000000000001,49,42,-245
11.53,49,39,-241
11.540000000000001,49,40,-245
11.549999999999999,49,42,-245
11.56,48,42,-242
11.570000000000002,52,42,-240
11.58,50,41,-240
11.590000000000002,52,40,-245
11.6,53,41,-244
11.610000000000001,52,42,-242
11.62,50,39,-243
11.63,50,41,-243
11.639999999999999,51,41,-241
11.65,50,42,-241
11.660000000000002,47,45,-241
11.67,51,42,-244
11.680000000000001,50,41,-242
11.69,49,42,-240
11.700000000000001,50,42,-243
11.709999999999999,51,42,-239
11.72,49,43,-244
11.730000000000002,48,46,-241
11.74,51,43,-241
11.750000000000002,50,40,-246
11.76,53,40,-244
11.770000000000001,52,38,-244
11.78,51,40,-244
11.790000000000001,49,41,-244
11.799999999999999,49,43,-244
11.81,51,40,-242
11.820000000000002,47,44,-241
11.83,52,43,-239
11.840000000000002,46,44,-244
11.85,48,42,-242
11.860000000000001,50,43,-245
11.87,51,42,-243
11.88,49,41,-243
11.889999999999999,49,41,-243
11.9,50,44,-241
11.910000000000002,49,42,-242
11.92,53,40,-243
11.930000000000001,51,43,-243
11.94,52,42,-243
11.950000000000001,48,45,-240
11.959999999999999,48,42,-241
11.97,50,41,-245
11.980000000000002,50,40,-242
11.99,49,43,-246
12.000000000000002,49,46,-242
12.01,52,42,-243
12.020000000000001,52,43,-244
12.03,52,41,-245
12.040000000000001,48,45,-242
12.049999999999999,51,40,-242
12.06,50,42,-241
12.070000000000002,51,42,-242
12.08,49,42,-242
12.090000000000002,50,42,-243
12.1,50,42,-242
12.110000000000001,52,40,-243
12.12,51,42,-241
12.13,48,43,-242
12.139999999999999,50,42,-242
12.15,50,43,-246
12.160000000000002,50,43,-240
12.17,51,45,-242
12.180000000000001,51,44,-242
12.19,50,43,-244
12.200000000000001,49,45,-242
12.209999999999999,52,43,-242
12.22,49,43,-244
12.230000000000002,50,44,-240
12.24,47,43,-241
12.250000000000002,50,43,-242
12.26,49,43,-241
12.270000000000001,49,42,-241
12.28,50,40,-242
12.290000000000001,50,43,-242
12.299999999999999,51,43,-243
12.31,49,43,-243
12.320000000000002,51,41,-242
12.33,50,43,-243
12.340000000000002,49,43,-243
12.35,49,41,-243
12.360000000000001,48,44,-243
12.37,51,44,-242
12.38,52,43,-244
12.389999999999999,48,42,-245
12.4,51,44,-240
12.410000000000002,49,42,-242
12.42,50,42,-241
12.430000000000001,49,43,-242
12.44,49,41,-244
12.450000000000001,49,42,-241
12.459999999999999,52,41,-245
12.47,49,43,-245
12.480000000000002,48,42,-244
12.49,51,43,-241
12.500000000000002,51,42,-241
12.51,49,43,-242
12.520000000000001,52,42,-243
12.53,51,43,-241
12.540000000000001,50,44,-242
12.549999999999999,50,42,-244
12.56,50,40,-244
12.570000000000002,51,43,-246
12.58,48,44,-246
12.590000000000002,50,44,-244
12.6,52,43,-242
12.610000000000001,52,44,-243
12.62,50,42,-242
12.63,51,42,-240
12.639999999999999,51,41,-244
12.65,50,41,-243
12.660000000000002,50,42,-244
12.67,50,40,-245
12.680000000000001,50,42,-244
12.69,49,42,-242
12.700000000000001,52,41,-242
12.709999999999999,51,41,-244
12.72,50,42,-242
12.730000000000002,49,44,-245
12.74,50,42,-245
12.750000000000002,49,42,-245
12.76,49,41,-244
12.770000000000001,50,42,-244
12.78,51,41,-245
12.790000000000001,52,43,-239
12.799999999999999,51,44,-242
12.81,50,42,-245
12.820000000000002,53,42,-245
12.83,47,42,-244
12.840000000000002,50,43,-241
12.85,49,44,-244
12.860000000000001,49,45,-242
12.87,52,42,-244
12.88,50,40,-244
12.889999999999999,50,43,-242
12.9,50,43,-241
12.910000000000002,52,41,-244
12.92,50,42,-241
12.930000000000001,52,39,-243
12.94,49,43,-241
12.950000000000001,51,42,-242
12.959999999999999,51,42,-239
12.97,49,43,-242
12.980000000000002,50,44,-241
12.99,50,45,-241
13.000000000000002,51,41,-243
13.01,51,43,-243
13.020000000000001,50,43,-241
13.03,49,45,-242
13.040000000000001,51,41,-243
13.049999999999999,52,41,-245
13.06,50,41,-246
13.070000000000002,49,42,-243
13.08,49,42,-241
13.090000000000002,48,41,-243
13.1,52,40,-245
13.110000000000001,51,41,-245
13.12,50,41,-242
13.13,51,42,-243
13.139999999999999,50,43,-242
13.15,52,41,-244
13.160000000000002,49,42,-243
13.17,49,42,-242
13.180000000000001,50,42,-243
13.19,51,43,-241
13.200000000000001,52,41,-245
13.209999999999999,49,40,-243
13.22,47,43,-241
13.230000000000002,50,41,-243
13.24,49,43,-246
13.250000000000002,51,40,-249
13.26,49,44,-245
13.270000000000001,49,43,-245
13.28,50,41,-242
13.290000000000001,51,39,-243
13.299999999999999,50,42,-239
13.31,50,44,-246
13.320000000000002,49,43,-243
13.33,49,44,-245
13.340000000000002,49,44,-241
13.35,49,41,-242
13.360000000000001,51,41,-244
13.37,52,41,-242
13.38,50,41,-243
13.389999999999999,50,45,-242
13.4,52,41,-246
13.410000000000002,49,44,-241
13.42,49,43,-242
13.430000000000001,51,41,-245
13.44,51,40,-244
13.450000000000001,50,42,-243
13.459999999999999,52,41,-243
13.47,49,44,-245
13.480000000000002,50,42,-241
13.49,50,41,-243
13.500000000000002,49,44,-242
13.51,48,43,-244
13.520000000000001,48,42,-241
13.53,51,42,-241
13.540000000000001,51,42,-245
13.549999999999999,52,43,-243
13.56,53,40,-244
13.570000000000002,52,41,-244
13.58,51,40,-244
13.590000000000002,49,43,-239
13.6,52,41,-242
13.610000000000001,48,44,-240
13.62,52,42,-240
13.63,52,41,-242
13.639999999999999,52,42,-242
13.65,48,43,-245
13.660000000000002,52,40,-242
13.67,50,43,-244
13.680000000000001,50,44,-243
13.69,51,42,-243
13.700000000000001,50,41,-244
13.709999999999999,50,42,-243
13.72,51,43,-244
13.730000000000002,50,41,-246
13.74,49,43,-241
13.750000000000002,50,43,-244
13.76,51,40,-242
13.770000000000001,51,42,-243
13.78,50,42,-243
13.790000000000001,51,42,-244
13.799999999999999,50,42,-245
13.81,51,42,-241
13.820000000000002,52,41,-242
13.83,48,41,-244
13.840000000000002,51,43,-242
13.85,53,41,-242
13.860000000000001,50,40,-238
13.87,51,42,-243
13.88,50,45,-244
13.889999999999999,50,41,-244
13.9,49,42,-245
13.910000000000002,49,42,-244
13.92,51,42,-244
13.930000000000001,50,42,-243
13.94,50,43,-240
13.950000000000001,53,41,-244
13.959999999999999,50,43,-241
13.97,50,43,-241
13.980000000000002,50,43,-244
13.99,50,42,-245
14.000000000000002,49,43,-242
14.01,48,42,-244
14.020000000000001,52,43,-243
14.03,51,40,-243
14.040000000000001,51,42,-241
14.049999999999999,51,42,-242
14.06,51,43,-242
14.070000000000002,50,41,-243
14.08,49,43,-241
14.090000000000002,51,41,-245
14.1,51,41,-245
14.110000000000001,48,44,-242
14.12,50,41,-241
14.13,51,43,-242
14.139999999999999,48,43,-244
14.15,50,43,-240
14.160000000000002,50,43,-242
14.17,50,42,-243
14.180000000000001,49,43,-246
14.19,50,43,-242
14.200000000000001,50,43,-240
14.209999999999999,50,43,-243
14.22,51,41,-243
14.230000000000002,51,41,-242
14.24,52,43,-244
14.250000000000002,52,42,-243
14.26,51,43,-241
14.270000000000001,52,40,-243
14.28,49,43,-242
14.290000000000001,49,41,-243
14.299999999999999,51,43,-241
14.31,49,42,-243
14.320000000000002,49,42,-243
14.33,51,42,-242
14.340000000000002,51,42,-245
14.35,50,43,-243
14.360000000000001,49,42,-245
14.37,51,40,-242
14.38,51,41,-242
14.389999999999999,50,42,-242
14.4,51,42,-241
14.410000000000002,52,42,-243
14.42,49,41,-242
14.430000000000001,50,41,-243
14.44,53,41,-245
14.450000000000001,49,41,-240
14.459999999999999,50,43,-241
14.47,50,43,-241
14.480000000000002,49,42,-243
14.49,51,42,-243
14.500000000000002,49,42,-243
14.51,49,43,-241
14.520000000000001,50,43,-242
14.53,52,44,-243
14.540000000000001,50,43,-244
14.549999999999999,51,43,-245
14.56,51,41,-244
14.570000000000002,51,39,-243
14.58,51,41,-243
14.590000000000002,51,42,-243
14.6,51,40,-246
14.610000000000001,50,43,-244
14.62,49,44,-239
14.63,50,43,-244
14.639999999999999,48,44,-243
14.65,49,41,-243
14.660000000000002,50,42,-244
14.67,51,42,-242
14.680000000000001,50,43,-243
14.69,52,41,-245
14.700000000000001,50,41,-242
14.709999999999999,50,42,-243
14.72,50,44,-242
14.730000000000002,49,42,-241
14.74,49,42,-242
14.750000000000002,49,44,-246
14.76,50,42,-242
14.770000000000001,51,41,-244
14.78,50,41,-243
14.790000000000001,50,42,-243
14.799999999999999,49,42,-241
14.81,49,43,-242
14.820000000000002,49,43,-243
14.83,50,43,-242
14.840000000000002,51,43,-243
14.85,52,43,-243
14.860000000000001,52,41,-244
14.87,48,41,-244
14.88,49,41,-243
14.889999999999999,50,43,-242
14.9,49,43,-239
14.910000000000002,48,42,-240
14.92,51,40,-245
14.930000000000001,49,41,-241
14.94,51,39,-241
14.950000000000001,50,43,-241
14.959999999999999,48,42,-240
14.97,51,43,-244
14.980000000000002,52,42,-244
14.99,49,43,-243
15.000000000000002,50,43,-242
15.01,51,41,-244
15.020000000000001,50,41,-242
15.03,51,42,-243
15.040000000000001,47,43,-241
15.049999999999999,50,41,-241
15.06,49,43,-242
15.070000000000002,50,41,-243
15.08,50,42,-243
15.090000000000002,49,43,-241
15.1,52,43,-241
15.110000000000001,51,42,-243
15.12,51,42,-243
15.13,50,43,-243
15.139999999999999,50,41,-240
15.15,50,43,-242
15.160000000000002,50,43,-245
15.17,50,43,-243
15.180000000000001,50,42,-243
15.19,49,42,-243
15.200000000000001,52,42,-243
15.209999999999999,51,43,-240
15.22,51,42,-242
15.230000000000002,50,43,-241
15.24,50,42,-241
15.250000000000002,49,43,-240
15.26,48,43,-242
15.270000000000001,51,43,-244
15.28,50,41,-245
15.290000000000001,50,40,-242
15.299999999999999,49,42,-242
15.31,52,43,-243
15.320000000000002,51,42,-243
15.33,51,42,-243
15.340000000000002,51,42,-245
15.35,51,42,-244
15.360000000000001,50,42,-245
15.37,52,41,-245
15.38,51,41,-242
15.389999999999999,50,43,-241
15.4,49,43,-241
15.410000000000002,50,43,-239
15.42,50,44,-241
15.430000000000001,51,42,-244
15.44,49,40,-244
15.450000000000001,50,41,-243
15.459999999999999,51,44,-243
15.47,50,45,-240
15.480000000000002,51,40,-242
15.49,50,41,-243
15.500000000000002,49,45,-243
15.51,50,40,-243
15.520000000000001,49,42,-241
15.53,49,43,-244
15.540000000000001,51,40,-242
15.549999999999999,51,41,-242
15.56,50,40,-238
15.570000000000002,49,41,-243
15.58,50,42,-241
15.590000000000002,52,41,-244
15.6,50,42,-243
15.610000000000001,50,44,-242
15.62,52,41,-245
15.63,51,42,-243
15.639999999999999,51,42,-244
15.65,51,43,-243
15.660000000000002,51,41,-243
15.67,52,42,-242
15.680000000000001,52,41,-242
15.69,52,40,-246
15.700000000000001,50,41,-244
15.709999999999999,51,43,-243
15.72,51,43,-241
15.730000000000002,51,40,-243
15.74,50,44,-241
15.750000000000002,49,42,-242
15.76,49,42,-244
15.770000000000001,50,41,-243
15.78,49,42,-244
15.790000000000001,50,44,-245
15.799999999999999,50,45,-243
15.81,50,43,-244
15.820000000000002,52,42,-240
15.83,53,41,-243
15.840000000000002,51,41,-241
15.85,50,44,-243
15.860000000000001,51,41,-244
15.87,51,41,-243
15.88,50,42,-239
15.889999999999999,52,41,-243
15.9,50,43,-240
15.910000000000002,53,43,-242
15.92,50,41,-241
15.930000000000001,49,41,-244
15.94,50,43,-245
15.950000000000001,51,42,-241
15.959999999999999,50,43,-246
15.97,50,43,-247
15.980000000000002,50,41,-241
15.99,49,43,-244
16.0,49,42,-245
16.009999999999998,51,42,-243
16.020000000000003,48,45,-244
16.03,52,40,-245
16.04,51,42,-243
16.049999999999997,49,43,-242
16.060000000000002,51,42,-244
16.07,53,42,-243
16.08,49,42,-245
16.090000000000003,51,40,-242
16.1,51,44,-239
16.11,51,38,-244
16.119999999999997,50,40,-244
16.130000000000003,52,42,-241
16.14,49,44,-244
16.15,50,41,-241
16.160000000000004,50,41,-239
16.17,50,42,-241
16.18,51,42,-238
16.189999999999998,51,43,-242
16.200000000000003,52,42,-247
16.21,49,45,-242
16.22,49,45,-242
16.230000000000004,49,44,-240
16.240000000000002,51,41,-242
16.25,48,44,-246
16.259999999999998,52,41,-242
16.270000000000003,49,45,-242
16.28,52,42,-247
16.29,49,42,-242
16.299999999999997,49,44,-239
16.310000000000002,49,43,-240
16.32,51,42,-241
16.330000000000005,50,42,-239
16.340000000000003,49,42,-243
16.35,51,41,-242
16.36,51,39,-243
16.370000000000005,51,43,-242
16.380000000000003,48,43,-243
16.39,50,44,-242
16.400000000000006,51,42,-242
16.410000000000004,50,44,-240
16.42,49,41,-243
16.43,52,43,-243
16.440000000000005,52,42,-241
16.450000000000003,49,42,-242
16.46,51,42,-242
16.47,53,41,-244
16.480000000000004,51,42,-242
16.490000000000002,50,42,-244
16.5,50,39,-240
16.510000000000005,48,43,-240
16.520000000000003,52,42,-242
16.53,52,41,-244
16.54,50,43,-240
16.550000000000004,51,40,-238
16.560000000000002,52,42,-243
16.57,51,41,-241
16.580000000000005,51,41,-241
16.590000000000003,51,43,-241
16.6,49,44,-245
16.61,51,42,-243
16.620000000000005,49,41,-245
16.630000000000003,52,42,-243
16.64,51,43,-242
16.650000000000006,49,42,-243
16.660000000000004,50,43,-243
16.67,51,41,-244
16.68,51,43,-242
16.690000000000005,50,43,-242
16.700000000000003,51,40,-242
16.71,50,41,-243
16.72,48,43,-243
16.730000000000004,48,43,-243
16.740000000000002,51,43,-240
16.75,49,43,-243
16.760000000000005,52,40,-244
16.770000000000003,48,41,-242
16.78,49,43,-245
16.79,49,44,-243
16.800000000000004,51,44,-242
16.810000000000002,51,44,-243
16.82,49,42,-243
16.830000000000005,52,40,-245
16.840000000000003,51,43,-244
16.85,50,42,-242
16.86,50,44,-241
16.870000000000005,49,41,-240
16.880000000000003,50,42,-243
16.89,52,42,-245
16.900000000000006,51,43,-243
16.910000000000004,50,44,-241
16.92,52,43,-240
16.93,50,45,-244
16.940000000000005,50,40,-246
16.950000000000003,51,43,-240
16.96,49,43,-239
16.97,49,43,-244
16.980000000000004,48,44,-241
16.990000000000002,51,41,-241
17.0,48,44,-245
17.010000000000005,50,41,-246
17.020000000000003,51,41,-240
17.03,52,42,-242
17.04,49,41,-244
17.050000000000004,48,45,-245
17.060000000000002,49,43,-244
17.07,51,41,-243
17.080000000000005,48,42,-243
17.090000000000003,52,42,-244
17.1,50,43,-242
17.11,48,44,-243
17.120000000000005,52,41,-243
17.130000000000003,53,40,-244
17.14,52,40,-244
17.150000000000006,51,43,-244
17.160000000000004,50,43,-240
17.17,49,43,-244
17.18,49,44,-242
17.190000000000005,50,42,-242
17.200000000000003,50,42,-244
17.21,50,43,-244
17.22,51,42,-242
17.230000000000004,50,41,-245
17.240000000000002,51,43,-243
17.25,50,44,-242
17.260000000000005,51,42,-242
17.270000000000003,49,43,-241
17.28,51,41,-241
17.29,50,44,-244
17.300000000000004,49,41,-242
17.310000000000002,48,44,-245
17.32,49,43,-244
17.330000000000005,48,44,-244
17.340000000000003,50,42,-244
17.35,50,43,-243
17.36,48,45,-239
17.370000000000005,48,43,-239
17.380000000000003,49,42,-245
17.39,51,40,-244
17.400000000000006,48,41,-240
17.410000000000004,51,41,-242
17.42,51,42,-245
17.43,52,40,-243
17.440000000000005,50,44,-242
17.450000000000003,51,43,-243
17.46,49,42,-244
17.47,50,44,-241
17.480000000000004,50,43,-239
17.490000000000002,50,45,-241
17.5,49,41,-243
17.510000000000005,51,43,-243
17.520000000000003,53,41,-240
17.53,51,43,-243
17.54,51,40,-242
17.550000000000004,49,42,-244
17.560000000000002,50,41,-243
17.57,51,43,-240
17.580000000000005,48,43,-244
17.590000000000003,50,42,-240
17.6,50,42,-243
17.61,49,41,-242
17.620000000000005,50,39,-244
17.630000000000003,48,43,-243
17.64,50,41,-243
17.650000000000006,49,42,-244
17.660000000000004,50,44,-244
17.67,52,42,-243
17.68,50,42,-244
17.690000000000005,50,42,-244
17.700000000000003,51,43,-243
17.71,49,43,-244
17.72,53,43,-240
17.730000000000004,49,42,-242
17.740000000000002,50,41,-241
17.75,49,44,-241
17.760000000000005,50,42,-242
17.770000000000003,49,44,-241
17.78,48,40,-243
17.79,50,42,-241
17.800000000000004,51,41,-242
17.810000000000002,48,42,-245
17.82,51,42,-245
17.830000000000005,53,41,-243
17.840000000000003,51,42,-244
17.85,50,43,-242
17.86,51,42,-242
17.870000000000005,50,41,-242
17.880000000000003,53,41,-242
17.89,52,41,-244
17.900000000000006,50,44,-243
17.910000000000004,50,42,-242
17.92,50,42,-240
17.93,51,42,-244
17.940000000000005,50,42,-244
17.950000000000003,51,44,-243
17.96,50,43,-242
17.97,49,44,-238
17.980000000000004,48,43,-241
17.990000000000002,53,41,-244
18.0,52,41,-243
18.010000000000005,51,43,-244
18.020000000000003,50,42,-243
18.03,49,44,-241
18.04,50,42,-244
18.050000000000004,52,40,-240
18.060000000000002,50,41,-240
18.07,51,41,-242
18.080000000000005,52,43,-243
18.090000000000003,51,44,-242
18.1,51,42,-244
18.11,51,41,-242
18.120000000000005,51,41,-244
18.130000000000003,50,43,-243
18.14,51,44,-238
18.150000000000006,49,40,-242
18.160000000000004,49,41,-244
18.17,50,41,-243
18.18,52,41,-242
18.190000000000005,50,41,-241
18.200000000000003,49,42,-244
18.21,51,42,-244
18.22,49,44,-242
18.230000000000004,49,43,-241
18.240000000000002,50,42,-244
18.25,51,40,-243
18.260000000000005,51,40,-242
18.270000000000003,50,42,-246
18.28,51,41,-242
18.29,50,43,-242
18.300000000000004,49,42,-243
18.310000000000002,51,42,-242
18.32,51,43,-243
18.330000000000005,50,44,-245
18.340000000000003,51,40,-242
18.35,51,42,-244
18.36,50,42,-242
18.370000000000005,50,44,-239
18.380000000000003,51,42,-244
18.39,49,42,-242
18.400000000000006,50,42,-242
18.410000000000004,48,44,-243
18.42,48,44,-241
18.43,53,42,-241
18.440000000000005,50,41,-243
18.450000000000003,49,44,-241
18.46,50,43,-243
18.47,50,41,-241
18.480000000000004,51,42,-244
18.490000000000002,49,44,-242
18.5,51,43,-244
18.510000000000005,50,44,-242
18.520000000000003,50,44,-243
18.53,51,42,-242
18.54,49,43,-240
18.550000000000004,52,43,-245
18.560000000000002,50,45,-242
18.57,50,43,-243
18.580000000000005,53,41,-240
18.590000000000003,49,41,-241
18.6,52,40,-241
18.61,50,43,-243
18.620000000000005,49,44,-243
18.630000000000003,51,41,-241
18.64,52,42,-244
18.650000000000006,51,45,-241
18.660000000000004,47,44,-240
18.67,49,42,-242
18.68,52,43,-245
18.690000000000005,52,42,-243
18.700000000000003,52,42,-242
18.71,52,42,-243
18.72,51,42,-244
18.730000000000004,50,42,-241
18.740000000000002,49,42,-242
18.75,50,43,-245
18.760000000000005,52,40,-244
18.770000000000003,53,40,-244
18.78,51,42,-240
18.79,50,42,-242
18.800000000000004,49,41,-242
18.810000000000002,51,40,-243
18.82,50,43,-241
18.830000000000005,50,46,-240
18.840000000000003,50,46,-243
18.85,48,44,-239
18.86,51,42,-244
18.870000000000005,48,45,-241
18.880000000000003,52,42,-243
18.89,50,41,-242
18.900000000000006,48,44,-238
18.910000000000004,51,42,-242
18.92,50,42,-241
18.93,50,43,-240
18.940000000000005,52,41,-241
18.950000000000003,51,41,-243
18.96,51,42,-243
18.97,49,43,-245
18.980000000000004,50,41,-242
18.990000000000002,51,41,-241
19.0,50,42,-244
19.010000000000005,51,41,-243
19.020000000000003,50,42,-241
19.03,51,45,-241
19.04,51,40,-241
19.050000000000004,51,41,-244
19.060000000000002,50,42,-245
19.07,52,40,-244
19.080000000000005,52,41,-244
19.090000000000003,52,43,-243
19.1,51,43,-242
19.11,52,41,-246
19.120000000000005,49,41,-244
19.130000000000003,51,42,-243
19.14,52,40,-242
19.150000000000006,51,40,-242
19.160000000000004,51,42,-246
19.17,52,42,-241
19.18,50,44,-245
19.190000000000005,50,42,-242
19.200000000000003,50,42,-243
19.21,49,42,-242
19.22,52,43,-243
19.230000000000004,51,43,-244
19.240000000000002,51,43,-243
19.25,52,43,-244
19.260000000000005,52,40,-244
19.270000000000003,51,40,-243
19.28,50,41,-245
19.29,49,43,-243
19.300000000000004,49,42,-244
19.310000000000002,50,43,-241
19.32,49,41,-242
19.330000000000005,50,42,-244
19.340000000000003,50,43,-240
19.35,50,45,-238
19.36,48,44,-241
19.370000000000005,51,41,-246
19.380000000000003,51,42,-240
19.39,50,41,-239
19.400000000000006,50,41,-241
19.410000000000004,53,42,-242
19.42,49,45,-238
19.43,49,44,-240
19.440000000000005,51,43,-244
19.450000000000003,49,45,-242
19.46,51,43,-243
19.47,48,43,-241
19.480000000000004,48,41,-243
19.490000000000002,50,41,-243
19.5,52,42,-243
19.510000000000005,51,42,-243
19.520000000000003,52,40,-246
19.53,48,44,-246
19.54,52,43,-238
19.550000000000004,48,44,-246
19.560000000000002,53,39,-242
19.57,50,43,-239
19.580000000000005,52,41,-240
19.590000000000003,51,41,-245
19.6,54,43,-242
19.61,50,42,-244
19.620000000000005,50,43,-243
19.630000000000003,51,43,-244
19.64,52,43,-241
19.650000000000006,49,43,-242
19.660000000000004,49,44,-241
19.67,51,42,-240
19.68,51,40,-244
19.690000000000005,51,42,-240
19.700000000000003,50,40,-240
19.71,49,40,-242
19.72,49,42,-244
19.730000000000004,51,42,-244
19.740000000000002,50,42,-243
19.75,50,41,-242
19.760000000000005,51,43,-242
19.770000000000003,50,43,-241
19.78,51,42,-243
19.79,51,42,-244
19.800000000000004,50,42,-240
19.810000000000002,50,41,-242
19.82,50,43,-243
19.830000000000005,48,42,-244
19.840000000000003,49,44,-242
19.85,52,43,-240
19.86,52,42,-243
19.870000000000005,50,44,-241
